Gender,Senior Citizen,Partner,Dependents,Tenure Months,Phone Service,Multiple Lines,Internet Service,Online Security,Online Backup,Device Protection,Tech Support,Streaming TV,Streaming Movies,Contract,Paperless Billing,Payment Method,Monthly Charges,Total Charges
1,0,0,0,6,1,0,0,0,0,0,0,0,0,0,0,1,20.65,109.3
1,0,1,1,16,1,1,1,0,0,1,0,1,0,0,1,2,90.8,1442.2
1,1,1,0,45,1,1,1,0,1,1,1,1,0,1,1,2,98.7,4525.8
1,0,1,0,11,1,0,0,0,0,0,0,0,0,1,1,1,20.55,184.95
0,0,1,0,58,1,1,1,1,1,0,0,0,1,0,1,2,93.4,5435.6
0,0,1,1,63,1,0,1,1,0,0,0,0,0,2,1,2,50.65,3221.25
1,0,1,0,18,1,0,1,0,0,1,1,0,0,0,0,0,78.2,1468.75
0,0,0,0,47,1,1,1,0,1,1,0,1,1,0,1,0,106.35,4849.1
1,0,0,0,3,1,0,0,0,0,0,0,0,0,0,1,1,19.1,53.05
1,0,1,1,8,1,0,1,0,0,0,0,1,0,0,1,0,54.4,475.1
1,0,0,0,24,1,1,1,0,0,0,1,0,0,1,0,2,54.6,1242.25
0,0,1,0,1,1,0,0,0,0,0,0,0,0,0,1,0,21.0,21.0
0,0,1,1,19,0,0,1,0,0,0,0,0,0,0,1,1,24.85,434.8
0,0,0,0,6,1,0,0,0,0,0,0,0,0,2,0,3,19.65,116.85
1,0,1,1,61,1,0,1,1,1,1,1,1,1,1,0,2,84.9,5264.5
1,0,1,0,3,0,0,1,1,0,0,1,0,0,0,0,1,35.1,101.1
1,0,1,0,50,0,0,1,1,0,0,1,1,0,1,1,2,44.45,2188.45
1,1,1,0,69,1,1,1,0,1,1,0,0,1,0,1,2,95.35,6382.0
0,0,0,0,16,1,1,1,0,1,1,0,0,1,0,1,3,95.6,1555.65
0,1,0,0,34,1,1,1,0,1,0,1,1,0,0,1,0,96.35,3190.25
0,0,1,0,70,0,0,1,1,1,1,1,1,1,2,0,2,64.55,4504.9
0,0,0,0,37,1,0,0,0,0,0,0,0,0,1,1,0,19.8,695.05
0,0,0,0,5,1,0,1,0,1,0,0,1,0,0,1,1,85.3,420.45
1,0,0,0,52,1,1,1,1,0,1,1,1,1,2,1,0,109.3,5731.4
1,0,0,0,7,1,1,0,0,0,0,0,0,0,0,0,1,23.5,173.0
0,0,1,1,71,1,1,1,1,1,1,0,1,1,2,1,2,109.0,7661.8
0,0,0,0,16,1,0,0,0,0,0,0,0,0,1,1,2,19.3,360.35
1,0,1,0,72,1,1,1,0,1,1,1,1,1,2,1,0,108.2,7840.6
0,0,0,0,30,1,1,1,0,1,0,0,1,1,0,1,0,100.2,2983.8
1,0,0,1,3,1,0,0,0,0,0,0,0,0,0,0,1,20.85,60.65
0,0,0,0,30,1,0,1,0,0,0,1,1,0,0,0,0,85.15,2555.9
1,0,1,0,33,1,0,1,0,0,0,0,0,0,0,1,3,44.55,1462.6
0,0,1,0,16,1,0,1,0,1,1,0,1,0,0,1,3,89.45,1430.25
1,0,1,0,66,1,1,1,1,1,1,1,1,1,2,0,2,91.7,6075.9
1,0,1,1,32,1,0,1,1,1,0,0,0,1,1,1,0,90.8,3023.85
1,0,0,0,39,0,0,1,1,0,0,1,1,0,1,0,2,45.05,1790.6
0,0,1,0,15,1,1,1,0,0,0,0,0,0,0,1,0,51.1,711.15
1,0,1,0,67,1,1,1,0,1,1,1,1,1,2,1,2,111.3,7567.2
1,0,1,0,1,1,0,0,0,0,0,0,0,0,1,0,1,19.65,19.65
1,1,1,0,66,1,1,1,0,1,1,1,1,1,1,1,0,110.85,7491.75
1,0,1,0,12,1,0,1,0,0,1,1,1,1,0,1,0,74.15,741.4
0,0,1,0,22,1,0,1,0,1,1,0,0,0,0,1,1,54.7,1178.75
1,0,1,1,50,0,0,1,1,0,0,0,1,0,0,1,3,39.45,2021.35
0,1,1,0,25,1,0,1,0,0,0,0,0,0,0,1,0,69.3,1813.1
1,0,0,0,24,1,0,1,1,0,0,1,0,0,0,0,0,54.95,1348.5
1,0,1,1,0,1,1,0,0,0,0,0,0,0,2,0,1,25.35,0.0
0,0,1,0,63,1,0,1,1,1,1,1,1,0,2,0,3,75.55,4707.85
0,0,1,1,65,1,1,1,1,1,0,1,1,1,2,1,2,82.5,5215.1
0,0,1,0,33,1,1,1,0,0,0,0,0,1,0,0,3,86.15,2745.7
1,0,1,0,49,1,1,1,1,1,0,0,1,0,0,1,2,93.85,4733.1
0,0,0,0,60,1,0,1,0,1,1,0,1,1,2,1,0,99.65,5941.05
0,1,1,0,58,1,1,1,0,0,0,1,1,1,0,1,2,100.4,5749.8
0,0,0,0,15,1,0,1,0,1,0,0,1,0,0,1,2,83.2,1130.0
0,1,1,0,5,1,0,1,0,0,0,0,0,0,0,1,0,69.35,341.6
0,0,1,1,57,1,0,1,1,1,0,0,0,0,1,0,0,53.45,3053.0
1,1,1,0,69,1,1,1,1,0,1,1,1,1,1,1,1,110.55,7610.1
0,0,0,0,3,1,0,1,0,0,0,0,0,0,0,1,0,70.25,229.7
0,0,1,1,36,1,0,1,1,0,0,0,0,0,0,0,3,51.05,1815.0
0,0,1,1,51,0,0,1,0,0,1,1,1,1,1,1,0,56.15,2898.95
1,0,1,0,44,1,1,0,0,0,0,0,0,0,1,0,0,24.85,1013.6
1,0,0,0,15,1,1,1,0,0,0,0,1,1,0,1,0,93.35,1444.65
0,1,1,0,6,1,1,1,0,0,0,0,0,1,0,1,0,84.35,474.9
0,0,1,0,66,1,1,1,1,1,1,0,0,0,2,0,2,66.9,4370.25
1,0,1,1,24,1,1,1,1,0,1,1,1,1,1,1,1,84.8,1990.5
0,0,0,0,6,1,0,1,0,1,0,0,0,1,0,1,1,85.95,514.6
1,0,0,1,20,1,0,0,0,0,0,0,0,0,0,1,0,19.4,374.5
0,0,1,1,1,1,0,0,0,0,0,0,0,0,0,0,0,19.45,19.45
1,0,1,0,72,1,0,0,0,0,0,0,0,0,2,0,3,19.3,1304.8
1,0,1,0,62,1,0,1,1,1,1,1,1,1,2,0,0,86.1,5215.25
0,1,1,0,27,1,1,1,0,1,1,1,1,1,0,0,0,83.85,2310.2
1,0,1,1,57,1,0,0,0,0,0,0,0,0,1,0,1,19.4,1061.6
1,0,1,0,56,1,0,1,0,0,0,0,0,1,1,1,0,80.9,4557.5
0,0,0,0,11,1,1,1,0,0,1,0,1,0,0,1,0,89.2,990.3
1,0,1,0,28,1,0,1,0,0,0,1,0,0,0,0,2,76.55,2065.4
1,0,0,0,42,1,1,1,0,0,1,0,0,0,0,0,0,79.9,3313.4
1,0,0,0,1,1,1,1,0,1,0,0,0,1,0,1,3,90.85,90.85
0,0,1,0,48,1,1,1,0,0,0,0,0,1,1,1,1,82.05,4029.95
0,0,0,0,39,0,0,1,1,1,0,1,0,0,1,0,2,41.15,1700.9
1,1,1,0,66,1,1,1,1,1,1,1,1,0,2,0,3,79.4,5154.6
0,0,0,0,1,1,0,0,0,0,0,0,0,0,0,1,2,19.25,19.25
0,0,1,0,25,1,1,0,0,0,0,0,0,0,1,1,1,26.8,733.55
1,0,0,0,1,1,1,1,0,0,0,0,1,1,0,1,0,93.3,93.3
1,0,0,0,13,1,0,0,0,0,0,0,0,0,1,0,3,19.3,259.65
0,0,1,1,63,1,0,0,0,0,0,0,0,0,2,0,0,19.35,1263.85
0,0,1,0,67,1,1,1,0,1,1,1,1,1,2,0,2,86.15,5883.85
0,0,0,0,72,1,1,1,1,1,1,1,1,1,2,1,2,91.35,6697.2
1,1,1,0,8,0,0,1,0,1,1,0,0,1,0,1,1,43.35,371.4
0,0,0,0,7,1,1,1,0,0,0,0,0,0,0,1,2,75.1,552.95
1,0,1,0,27,0,0,1,0,1,1,0,0,1,1,1,3,45.85,1246.4
0,0,0,0,1,1,1,1,0,0,0,0,0,0,0,1,0,77.15,77.15
0,0,1,0,65,1,1,1,0,1,1,1,1,1,2,1,2,107.65,7082.85
1,0,0,0,30,1,1,1,1,0,0,0,1,1,0,1,2,100.4,2936.25
0,1,0,0,13,1,0,1,0,1,1,0,0,0,0,1,0,54.8,731.3
0,0,1,0,49,1,1,1,0,1,0,0,1,1,1,0,1,100.45,4941.8
0,0,0,0,61,1,1,1,1,1,1,1,1,1,1,1,0,118.6,7365.7
1,0,1,1,29,0,0,1,1,1,1,1,0,1,1,1,3,55.35,1636.95
0,0,1,0,36,1,1,1,0,1,1,0,1,0,0,1,2,97.35,3457.9
0,0,0,0,17,1,0,0,0,0,0,0,0,0,2,0,1,19.4,358.05
0,0,0,0,18,0,0,1,1,1,0,1,0,0,1,1,1,40.2,711.95
1,0,1,1,12,1,0,0,0,0,0,0,0,0,2,0,2,21.05,262.05
0,0,1,0,39,1,0,1,1,0,1,1,1,1,1,1,3,104.7,4134.85
1,0,1,0,48,1,1,1,0,1,1,0,0,1,1,1,3,70.55,3420.5
1,1,1,0,44,0,0,1,0,1,0,0,0,0,0,1,0,30.35,1359.7
0,0,1,1,45,1,1,0,0,0,0,0,0,0,2,1,3,24.65,1171.3
1,0,1,0,47,1,1,1,0,1,0,0,0,0,1,1,0,78.9,3650.35
0,0,1,0,5,1,0,1,0,1,0,0,0,1,0,1,0,83.6,404.2
0,0,1,0,33,1,0,1,1,0,1,1,1,1,1,1,0,103.75,3361.05
0,0,0,0,25,0,0,1,0,0,1,0,1,1,0,1,0,48.25,1293.8
0,0,1,0,37,1,1,1,1,0,1,1,0,0,1,0,3,68.1,2479.25
0,0,1,1,27,1,1,0,0,0,0,0,0,0,2,0,0,24.5,761.95
0,1,0,0,27,1,1,1,1,1,1,0,1,1,1,1,2,110.5,2857.6
1,0,0,0,58,1,0,0,0,0,0,0,0,0,2,1,2,19.15,1035.5
0,0,1,1,11,1,1,0,0,0,0,0,0,0,2,0,1,25.0,300.7
0,0,1,1,58,1,0,0,0,0,0,0,0,0,2,0,3,19.55,1079.65
0,0,0,0,62,1,0,1,1,0,0,1,0,1,2,1,1,65.1,3846.75
0,1,0,0,3,1,0,1,0,0,0,0,0,0,0,1,0,70.3,235.5
0,0,1,0,53,1,1,1,1,1,1,0,0,1,1,0,2,74.1,3833.95
0,1,1,0,29,0,0,1,1,0,1,0,0,1,0,1,0,45.0,1228.65
0,0,1,1,25,1,0,0,0,0,0,0,0,0,2,1,1,18.7,383.65
1,1,0,0,67,1,1,1,1,1,1,1,1,1,2,1,3,116.1,7839.85
0,0,0,1,25,1,0,1,0,1,0,1,0,0,1,1,3,54.75,1266.35
1,0,1,0,44,1,0,1,0,1,1,1,1,0,1,1,0,70.95,3250.45
0,1,1,0,72,1,1,1,1,1,1,0,1,1,2,1,0,112.4,8046.85
0,1,0,0,5,1,1,1,0,0,0,0,1,0,0,1,3,83.15,446.05
0,0,0,1,9,1,0,1,0,0,0,1,1,1,0,1,3,69.4,571.45
0,0,1,0,12,1,0,1,1,0,0,1,0,0,0,0,2,54.2,690.5
0,0,0,0,41,0,0,1,0,1,0,0,0,1,0,1,0,40.35,1677.85
0,0,1,1,69,1,0,0,0,0,0,0,0,0,1,1,3,20.35,1442.65
1,0,0,0,29,1,0,0,0,0,0,0,0,0,1,1,1,19.8,572.2
1,0,1,0,4,1,1,1,0,0,0,0,0,0,0,1,0,74.65,301.4
1,0,0,0,3,1,0,1,1,0,0,1,0,0,0,1,1,82.3,214.4
1,0,0,0,71,1,1,1,1,1,1,1,0,1,2,0,2,80.6,5708.2
1,0,0,0,7,0,0,1,0,0,1,1,0,0,1,1,3,35.5,249.55
0,0,1,0,71,1,0,1,1,1,1,1,1,1,1,1,2,84.8,6046.1
1,0,1,1,6,1,0,1,0,1,1,0,0,1,0,1,0,91.0,531.0
1,0,1,1,54,1,0,1,0,1,0,1,0,0,2,1,2,79.95,4362.05
0,0,1,0,37,1,1,1,1,0,1,1,0,1,1,1,0,99.2,3754.6
1,0,0,0,6,0,0,1,0,1,0,0,0,0,0,1,3,30.5,208.7
1,0,1,1,58,0,0,1,1,1,1,0,1,0,1,0,1,50.0,2919.85
0,0,0,0,14,1,0,1,0,1,0,1,0,0,0,1,3,80.05,1112.3
0,1,0,0,17,1,0,0,0,0,0,0,0,0,1,0,1,20.65,330.6
0,0,1,1,28,1,0,1,0,0,0,0,0,0,1,1,2,70.4,1992.2
1,0,0,0,49,0,0,1,0,0,1,0,0,0,0,1,2,30.2,1453.1
1,0,1,1,63,1,1,1,0,1,1,0,1,1,2,1,2,104.8,6597.25
1,0,0,0,12,1,1,1,0,1,1,1,1,1,0,1,1,112.95,1384.75
0,0,0,0,11,1,1,1,0,0,0,0,0,0,0,1,0,76.5,837.95
0,0,0,0,9,1,0,1,0,0,0,0,1,1,0,1,1,88.4,788.6
1,0,1,0,72,0,0,1,1,1,1,1,1,1,2,1,3,65.1,4754.3
0,1,0,0,15,1,0,1,0,0,0,0,1,1,0,1,0,91.5,1400.3
0,0,0,0,4,1,1,1,0,1,0,0,1,0,0,0,1,89.6,365.65
1,0,0,0,1,1,0,1,0,0,0,0,0,0,0,1,1,70.45,70.45
0,0,1,0,8,1,1,1,0,0,0,0,0,1,0,1,0,84.9,764.95
1,1,1,0,58,1,1,1,0,1,0,0,1,1,0,1,0,98.9,5780.7
1,0,0,0,1,1,0,1,0,0,0,0,0,0,0,1,2,45.1,45.1
1,0,1,0,59,1,0,0,0,0,0,0,0,0,2,0,3,19.3,1192.7
1,0,0,0,3,1,1,1,0,0,1,0,1,1,0,1,2,101.55,298.35
0,0,0,0,9,1,0,1,0,0,0,0,0,1,0,1,0,79.55,723.4
0,1,0,0,16,1,0,1,0,0,0,1,1,0,0,0,0,59.4,1023.9
0,0,1,1,72,1,1,0,0,0,0,0,0,0,2,0,1,24.9,1859.2
0,0,0,0,10,1,1,1,0,0,0,1,1,1,0,1,0,98.5,1058.25
0,0,0,0,2,1,0,1,0,0,1,1,1,1,0,0,0,76.4,160.8
1,0,1,0,1,1,0,0,0,0,0,0,0,0,1,1,0,20.2,20.2
0,0,0,0,9,1,1,1,0,0,0,0,0,1,0,1,0,83.3,803.3
0,0,1,1,34,1,0,1,1,1,1,1,1,1,2,0,1,84.75,2839.45
1,1,1,0,14,1,1,1,0,0,0,0,0,0,0,1,0,75.1,1013.35
0,0,1,1,1,1,0,0,0,0,0,0,0,0,0,0,1,20.55,20.55
1,0,1,0,17,1,0,1,1,0,1,0,1,0,0,1,0,89.4,1539.45
1,1,0,0,9,1,1,1,1,0,0,0,0,0,0,0,0,54.55,494.05
1,1,0,0,41,1,1,1,0,0,1,0,1,1,0,1,0,98.4,4187.75
0,0,0,0,1,1,0,0,0,0,0,0,0,0,0,0,0,19.3,19.3
0,0,0,0,69,1,1,1,1,0,1,1,1,1,2,1,3,85.35,5897.4
1,0,0,0,7,1,0,0,0,0,0,0,0,0,1,0,1,19.5,128.6
0,0,0,0,2,1,0,0,0,0,0,0,0,0,0,1,1,20.45,42.45
0,0,0,0,1,1,0,1,0,0,0,0,0,0,0,1,0,70.3,70.3
1,0,1,0,70,1,1,0,0,0,0,0,0,0,2,0,2,25.15,1940.85
1,0,1,1,15,1,0,1,1,0,0,1,1,1,1,0,0,101.9,1667.25
1,0,0,0,25,1,0,1,1,1,0,1,1,1,0,1,1,79.0,1902.0
1,1,1,0,55,1,1,1,1,1,0,0,0,0,1,0,3,60.0,3316.1
0,0,1,0,72,1,1,1,0,1,1,1,1,1,2,1,2,110.45,7982.5
1,0,1,0,61,1,1,1,1,0,1,0,0,1,2,1,1,69.9,4226.7
1,0,0,0,40,0,0,1,1,1,1,0,1,1,1,0,3,62.05,2511.55
0,0,0,0,41,1,0,0,0,0,0,0,0,0,2,1,1,19.85,810.45
0,0,1,1,70,1,0,0,0,0,0,0,0,0,2,0,2,19.8,1378.75
0,0,0,0,1,1,0,0,0,0,0,0,0,0,0,0,3,19.55,19.55
1,0,0,0,1,1,0,1,0,0,0,0,0,0,0,1,0,69.35,69.35
0,0,1,0,72,1,0,1,1,1,1,0,1,0,2,1,3,70.65,5011.15
0,1,0,0,45,1,1,1,0,0,1,0,1,1,1,1,2,102.15,4735.35
1,0,0,0,14,1,1,1,0,0,0,1,1,0,0,1,0,89.95,1178.4
0,0,0,0,18,1,0,1,0,1,1,0,0,0,0,0,0,77.8,1358.6
0,0,1,0,71,1,1,1,0,1,1,0,1,1,2,1,2,105.15,7555.0
1,0,0,0,72,0,0,1,1,0,1,1,1,1,2,1,3,61.2,4390.25
1,0,1,0,63,1,1,1,1,1,1,1,0,1,1,0,3,80.0,5040.2
0,0,1,0,24,1,0,1,0,1,1,0,1,1,0,1,3,99.3,2431.35
1,0,0,0,15,1,1,1,0,0,0,0,0,0,0,1,0,49.0,749.25
1,0,0,0,65,1,1,1,1,0,0,1,0,1,1,0,0,93.55,6069.25
0,0,1,0,53,1,1,1,0,1,1,1,1,1,1,1,2,108.95,5718.2
0,0,0,0,35,1,0,1,0,0,1,0,0,1,0,1,0,62.1,2096.1
1,1,0,0,52,0,0,1,0,1,0,0,1,1,0,1,0,49.15,2550.9
1,1,1,0,55,1,1,1,0,0,0,0,0,0,0,1,0,74.0,4052.4
1,0,0,0,1,1,0,1,1,0,0,1,0,0,0,1,0,53.95,53.95
1,0,0,0,35,0,0,1,0,0,1,0,1,1,0,0,0,49.2,1701.65
1,0,1,1,45,1,0,0,0,0,0,0,0,0,2,0,0,19.2,903.7
0,0,1,1,1,1,0,0,0,0,0,0,0,0,0,1,1,19.4,19.4
1,1,0,0,2,1,1,1,0,0,0,0,0,0,0,1,1,74.85,156.4
0,0,0,0,42,1,1,1,1,1,0,0,0,0,1,1,2,60.15,2421.6
1,1,0,0,71,1,1,1,0,1,0,1,1,1,2,1,0,106.8,7623.2
1,0,1,0,51,0,0,1,1,1,1,0,1,1,1,0,0,59.3,3014.65
0,0,0,0,4,0,0,1,1,0,0,0,0,0,0,1,1,29.15,110.05
0,0,0,0,37,1,1,1,1,1,1,0,0,0,0,0,2,91.2,3382.3
0,0,1,1,49,1,1,1,0,1,0,1,1,1,2,0,2,79.3,3902.45
0,0,1,0,70,1,0,0,0,0,0,0,0,0,2,0,2,19.8,1397.65
0,0,1,1,23,1,0,1,1,1,0,1,0,0,0,0,1,84.4,1936.85
1,0,1,1,47,1,1,1,1,1,1,1,1,1,2,1,1,90.5,4318.35
1,0,1,1,72,1,1,1,1,1,1,1,1,1,2,1,1,89.4,6376.55
0,0,1,1,44,1,0,0,0,0,0,0,0,0,0,0,1,19.6,780.25
1,0,0,0,20,1,0,0,0,0,0,0,0,0,0,1,3,19.6,356.15
0,0,1,0,2,1,0,1,0,1,0,0,0,0,0,1,2,73.55,145.4
0,0,0,0,41,1,1,1,0,1,0,0,0,0,1,1,3,56.3,2364.0
1,0,0,0,66,1,0,1,1,0,1,1,1,1,2,1,2,105.65,6844.5
1,0,1,1,44,1,0,0,0,0,0,0,0,0,1,0,2,20.0,860.85
1,0,1,1,30,1,1,1,0,1,0,1,0,0,0,1,2,83.55,2570.2
1,0,0,0,48,1,1,1,1,0,0,1,0,1,1,1,2,70.95,3629.2
0,0,0,0,70,1,1,1,1,1,1,0,1,1,2,0,1,84.7,5991.05
1,0,1,0,17,0,0,1,0,0,1,1,1,1,1,0,0,54.6,934.8
1,0,0,0,32,1,0,0,0,0,0,0,0,0,1,0,3,20.35,707.5
1,0,0,0,15,1,1,1,0,0,0,0,0,0,0,1,1,76.0,1130.85
1,0,1,1,4,1,0,0,0,0,0,0,0,0,2,0,1,19.9,76.65
0,1,1,0,54,1,0,1,0,0,1,1,1,1,1,1,0,99.1,5437.1
0,0,1,0,2,1,0,1,0,0,0,0,0,0,0,1,0,45.0,89.75
0,0,1,0,65,1,0,1,1,0,1,0,0,0,0,1,1,55.15,3673.15
0,1,0,0,6,1,0,1,0,0,0,0,1,1,0,1,0,89.35,567.8
0,0,0,0,1,0,0,1,0,1,0,0,0,0,0,0,2,29.95,29.95
0,0,0,0,65,1,0,1,1,1,1,1,1,1,2,1,2,84.85,5459.2
1,0,0,0,34,1,1,0,0,0,0,0,0,0,2,0,2,26.1,980.35
0,0,0,0,57,1,1,1,1,1,1,0,1,1,2,1,2,112.95,6465.0
0,0,1,1,48,1,0,1,1,1,1,0,0,1,2,1,3,70.1,3238.4
0,0,0,0,1,1,0,1,0,0,0,0,1,0,0,1,0,80.25,80.25
0,0,1,0,71,1,0,0,0,0,0,0,0,0,2,0,3,19.1,1372.45
1,1,1,0,67,1,1,1,0,0,0,0,1,1,0,1,3,94.65,6079.0
0,0,1,1,72,1,1,1,1,1,0,1,0,0,2,0,3,66.75,4760.3
1,0,0,0,27,1,1,1,0,0,0,1,0,0,0,1,0,79.5,2180.55
0,0,0,0,1,1,0,1,0,0,0,0,0,0,0,0,2,44.15,44.15
1,0,0,0,4,1,0,0,0,0,0,0,0,0,1,0,1,19.7,117.8
0,0,0,0,6,1,0,1,1,1,0,0,0,0,0,0,1,55.15,322.9
1,1,1,0,47,1,1,1,0,0,1,0,1,1,0,1,0,100.05,4871.05
0,0,1,0,58,1,1,1,0,0,1,1,1,1,0,1,3,102.1,5885.4
0,0,0,0,68,1,1,1,1,0,0,0,0,0,0,0,1,54.45,3687.75
0,0,0,0,60,1,1,1,0,1,1,0,1,1,0,1,0,105.9,6396.45
0,0,0,0,63,1,1,1,0,1,1,1,1,1,0,1,3,109.85,7002.95
0,0,0,0,13,1,0,1,0,0,0,0,1,0,0,1,1,81.9,1028.9
1,0,0,0,22,1,1,0,0,0,0,0,0,0,0,1,3,24.85,493.4
0,0,1,1,1,1,0,1,0,0,1,0,0,0,0,0,1,50.45,50.45
1,0,0,0,9,0,0,1,0,0,0,0,1,0,0,1,3,34.7,296.1
1,0,0,0,53,0,0,1,1,1,0,0,0,1,0,1,2,46.3,2546.85
0,1,0,0,37,1,1,1,0,0,0,0,0,0,0,1,0,76.25,2841.55
0,1,0,0,3,1,1,1,0,1,0,0,0,0,0,1,0,79.4,205.05
0,0,0,0,21,1,0,1,0,1,1,1,1,1,1,1,1,104.55,2239.4
1,0,1,0,50,1,1,1,1,0,1,0,1,1,1,1,0,103.95,5231.3
1,1,0,0,52,0,0,1,1,0,0,0,1,1,0,1,3,48.8,2555.05
1,0,0,0,36,1,0,0,0,0,0,0,0,0,2,1,3,18.55,689.0
0,0,1,0,28,1,0,1,1,0,0,0,1,1,0,1,1,92.35,2602.9
1,0,1,1,8,1,0,1,0,0,1,0,0,0,0,1,0,51.05,415.05
1,1,0,0,34,1,0,1,0,0,0,0,0,0,0,0,3,69.15,2275.1
0,0,1,0,72,0,0,1,0,1,1,0,1,1,2,1,0,54.2,3937.45
0,0,1,0,20,1,0,0,0,0,0,0,0,0,0,0,2,19.25,375.25
0,0,1,1,39,1,0,1,0,0,1,1,0,0,0,1,2,81.5,3107.3
1,1,0,0,17,1,0,1,0,1,1,0,1,1,0,1,0,101.8,1752.45
1,0,0,1,1,1,0,0,0,0,0,0,0,0,0,1,1,21.05,21.05
1,0,0,0,16,1,0,1,0,0,0,1,0,0,0,1,1,49.45,799.0
1,0,1,1,57,1,0,0,0,0,0,0,0,0,2,0,1,20.75,1123.15
1,0,1,0,66,1,1,1,1,0,1,0,1,1,2,1,3,106.05,6981.35
0,0,0,0,9,1,0,1,0,1,1,0,0,0,0,0,0,80.55,653.9
1,0,0,0,1,1,0,1,0,0,0,0,0,0,0,1,0,69.1,69.1
0,0,0,0,1,1,0,1,0,0,0,0,0,0,0,1,0,45.65,45.65
1,0,0,0,71,1,1,1,1,1,1,1,1,1,1,1,2,116.3,8309.55
1,0,1,1,44,0,0,1,1,1,1,1,0,1,2,1,3,54.05,2375.2
0,0,0,0,15,1,0,0,0,0,0,0,0,0,0,0,2,19.75,297.3
1,0,0,1,70,1,1,1,1,1,1,1,1,1,2,1,0,114.6,7882.5
0,0,1,1,30,1,0,0,0,0,0,0,0,0,2,0,1,19.3,602.9
0,0,0,0,18,0,0,1,0,0,1,1,0,0,0,1,0,35.2,607.3
0,0,0,0,2,1,0,0,0,0,0,0,0,0,0,1,1,20.55,33.6
1,0,0,1,23,1,0,0,0,0,0,0,0,0,1,0,1,19.8,465.45
1,1,1,0,27,1,1,1,0,0,0,0,0,0,0,1,0,75.5,1893.95
1,0,1,0,67,1,1,1,1,1,1,1,0,0,2,0,3,70.9,4677.1
0,0,1,0,2,1,0,0,0,0,0,0,0,0,0,0,2,20.1,43.15
0,0,0,0,6,1,1,1,0,1,0,0,1,0,0,1,0,90.1,521.3
0,0,1,1,6,1,0,1,0,0,0,1,0,0,0,1,1,48.8,297.35
1,0,1,0,63,0,0,1,1,1,1,0,1,1,2,0,0,59.0,3707.6
1,0,1,0,72,1,1,1,1,0,1,1,1,1,2,1,3,110.9,8240.85
1,0,0,0,7,1,1,1,0,0,1,0,1,0,0,1,0,90.45,593.45
0,1,0,0,66,1,1,1,0,1,0,0,0,0,0,1,3,80.45,5224.35
0,0,0,0,5,0,0,1,0,0,1,0,0,1,0,0,0,39.5,210.75
1,0,0,0,51,1,1,1,1,1,1,1,1,0,1,1,3,81.15,4126.2
1,0,1,0,8,1,0,1,1,0,0,0,0,0,0,0,0,75.0,632.95
1,0,0,0,4,1,0,1,0,0,0,0,0,1,0,1,1,55.3,238.5
1,1,1,0,7,1,0,1,0,0,0,0,0,0,0,1,1,70.1,467.55
0,0,1,1,70,1,1,1,1,1,1,1,1,1,2,1,3,113.05,7869.05
0,0,1,0,71,1,1,1,1,1,1,1,1,1,2,1,3,115.15,8078.1
1,0,0,0,29,1,0,1,1,1,0,1,0,0,1,1,0,58.75,1696.2
1,0,0,0,2,1,0,1,0,0,0,0,1,0,0,1,0,79.95,174.45
1,0,1,0,34,1,0,0,0,0,0,0,0,0,2,0,3,20.05,679.0
0,0,1,1,72,1,1,1,1,0,1,1,1,1,2,0,1,107.45,7576.7
0,0,1,1,46,1,0,1,0,0,1,1,0,1,1,0,2,90.95,4236.6
1,0,0,0,72,1,1,1,0,1,1,0,1,1,1,1,0,104.95,7544.3
0,0,1,0,6,1,1,1,0,0,0,1,0,0,0,1,0,80.5,502.85
0,0,0,0,1,1,1,1,0,0,0,0,1,1,0,0,1,95.65,95.65
1,0,0,1,1,1,0,0,0,0,0,0,0,0,0,0,1,20.75,20.75
1,0,1,0,59,1,1,1,1,0,0,1,0,1,1,1,1,69.1,4096.9
1,0,0,0,1,1,0,1,0,0,0,0,0,0,0,1,1,44.15,44.15
0,0,0,0,64,1,1,1,0,1,1,1,1,1,2,1,3,110.5,7069.25
1,0,1,1,26,1,0,1,0,0,0,0,0,1,1,0,2,78.95,2034.25
1,0,1,1,25,1,1,0,0,0,0,0,0,0,2,0,3,25.5,630.6
1,0,0,0,29,1,1,1,0,1,1,1,0,1,1,0,3,100.55,2830.45
0,0,0,0,1,1,0,1,0,0,0,0,0,1,0,1,0,55.45,55.45
0,0,0,0,2,1,0,1,0,0,0,0,1,0,0,1,0,80.2,146.05
0,0,0,0,37,0,0,1,0,0,0,1,0,0,0,0,3,28.6,973.55
1,0,0,0,67,1,0,1,1,0,1,0,0,1,2,0,2,65.55,4361.55
0,0,1,0,41,1,0,1,0,1,1,1,0,0,1,1,2,86.2,3339.05
0,0,1,1,61,1,0,0,0,0,0,0,0,0,2,0,3,19.75,1311.6
0,1,1,0,1,1,0,1,0,0,0,0,0,0,0,1,0,69.55,69.55
0,0,0,0,5,1,0,0,0,0,0,0,0,0,0,0,1,19.95,109.6
1,1,1,0,60,1,1,1,0,0,0,1,1,1,0,1,0,99.0,6017.9
1,0,1,1,69,1,1,1,1,1,1,1,1,1,2,1,2,114.35,7665.8
0,0,0,0,13,1,1,1,1,0,0,0,1,1,0,1,0,100.35,1358.85
0,0,1,0,50,1,1,1,1,0,1,0,1,1,1,1,1,104.4,5232.9
1,0,1,1,68,1,0,1,1,1,0,1,0,1,2,0,2,95.1,6683.4
0,0,1,1,72,1,1,1,1,1,1,1,1,1,2,1,0,115.5,8425.15
0,0,0,0,22,1,1,1,0,0,0,1,1,0,0,1,0,90.0,1993.8
0,0,1,0,48,1,0,1,0,1,1,0,1,1,1,1,0,97.05,4692.95
0,0,1,1,71,1,0,0,0,0,0,0,0,0,2,0,2,19.85,1326.35
0,0,0,0,1,1,0,1,0,0,0,0,0,0,0,1,1,45.3,45.3
0,1,0,0,45,1,0,1,1,1,0,1,0,0,0,1,2,85.7,3778.1
1,0,0,0,9,1,1,1,0,0,0,0,1,0,0,1,0,85.5,791.7
0,0,1,0,47,1,1,1,0,0,1,0,1,1,0,1,0,100.5,4707.1
1,0,0,0,12,1,1,1,0,1,1,0,1,1,0,1,0,106.7,1253.9
1,0,0,0,1,1,0,1,0,0,0,0,0,0,0,1,1,44.3,44.3
0,0,1,1,67,1,1,1,0,1,1,1,1,1,1,1,3,112.35,7388.45
1,0,1,1,24,1,1,1,1,0,0,1,1,1,0,0,2,81.0,1923.85
1,0,0,0,72,1,1,1,1,1,1,1,1,1,2,0,2,86.65,6224.8
1,0,1,1,72,1,1,0,0,0,0,0,0,0,2,0,3,25.55,1867.7
0,0,1,1,72,1,1,1,1,1,1,1,1,1,2,1,2,115.8,8476.5
1,0,0,0,23,1,1,1,0,0,0,0,0,0,0,1,0,74.95,1710.45
0,0,1,1,37,1,1,1,0,1,1,0,0,1,0,1,0,95.15,3532.85
1,0,0,0,1,1,0,0,0,0,0,0,0,0,0,1,1,20.1,20.1
0,0,0,0,47,0,0,1,1,0,1,1,0,0,2,0,1,41.9,1875.25
0,0,1,0,55,1,1,1,1,0,0,0,1,0,0,1,2,89.8,4959.6
0,0,1,1,69,1,1,1,1,0,0,1,0,0,2,0,3,61.4,4059.85
0,0,0,0,49,1,0,1,0,0,1,1,1,1,2,0,3,100.65,4917.75
0,0,0,0,63,1,1,1,1,1,1,0,1,0,2,0,3,98.0,6218.45
0,0,0,0,20,0,0,1,0,0,0,0,0,0,0,0,3,24.9,505.95
1,1,1,0,58,0,0,1,0,1,1,0,0,1,0,1,0,45.3,2651.2
1,1,1,0,32,1,0,1,0,0,0,0,0,1,0,1,3,80.3,2483.05
0,0,0,0,54,1,0,0,0,0,0,0,0,0,2,0,1,20.1,1079.45
0,0,0,0,1,0,0,1,0,0,0,0,0,0,0,1,1,25.15,25.15
0,0,0,0,9,1,0,1,0,0,0,0,0,0,0,1,2,44.2,403.35
0,0,0,0,1,0,0,1,0,0,0,1,0,0,0,0,1,30.55,30.55
1,1,1,0,3,1,1,1,0,1,1,0,1,1,0,1,0,105.9,334.65
1,1,1,0,8,1,0,1,0,0,1,1,0,1,0,1,3,64.4,581.7
0,0,1,0,70,1,1,1,1,1,1,1,0,0,2,0,2,93.9,6579.05
0,0,0,0,36,1,0,1,0,1,0,0,1,1,0,1,3,94.8,3565.65
0,0,1,1,10,1,0,0,0,0,0,0,0,0,2,0,1,20.15,220.8
1,0,1,0,50,1,1,1,0,0,1,1,1,0,1,1,0,69.65,3442.15
0,0,0,0,72,1,0,1,1,1,1,1,1,1,2,1,0,109.9,7624.2
0,0,0,0,36,1,0,0,0,0,0,0,0,0,1,0,1,19.55,620.75
0,1,0,0,67,1,0,1,1,1,0,1,1,0,2,1,2,92.45,6140.85
0,1,1,0,65,1,1,1,1,0,1,0,1,1,0,0,2,105.25,6786.4
0,1,0,0,66,1,1,1,0,1,1,0,1,1,1,0,2,108.1,7238.6
0,0,0,0,1,1,0,1,0,0,0,0,0,0,0,1,0,70.85,70.85
0,0,0,0,7,1,0,1,1,1,0,1,1,1,0,1,0,78.5,571.05
1,0,0,0,41,1,1,0,0,0,0,0,0,0,0,1,2,25.25,996.45
1,0,0,1,30,0,0,1,0,0,0,0,1,1,0,1,0,44.5,1307.8
0,0,0,0,2,1,0,1,0,0,0,0,0,0,0,0,0,44.45,82.7
1,0,0,0,12,1,0,1,0,0,0,0,0,1,0,1,2,79.95,1043.4
0,0,0,0,1,1,0,1,0,0,0,0,1,0,0,0,0,79.55,79.55
1,0,0,0,23,1,1,1,0,0,1,1,1,1,0,1,1,104.05,2470.1
0,0,1,1,35,1,1,0,0,0,0,0,0,0,2,1,3,25.4,949.8
0,0,0,0,20,1,0,0,0,0,0,0,0,0,0,1,3,18.9,347.65
0,1,1,0,7,1,1,1,0,0,0,0,0,1,0,1,0,84.55,646.85
1,1,0,0,1,1,0,1,0,0,0,0,0,0,0,0,2,45.25,45.25
1,0,1,0,3,1,0,1,0,0,1,1,0,0,0,1,1,55.8,154.55
0,0,0,0,12,1,0,0,0,0,0,0,0,0,0,0,1,19.7,220.35
0,0,0,0,63,1,1,0,0,0,0,0,0,0,2,0,1,24.2,1618.2
0,0,0,0,7,1,0,1,0,0,0,0,0,0,0,1,1,69.9,497.3
0,0,0,0,11,1,1,1,0,0,1,0,1,1,0,1,0,100.75,1129.75
1,0,0,1,27,1,0,0,0,0,0,0,0,0,0,0,1,19.15,537.35
1,0,1,1,72,1,1,1,1,1,1,1,1,1,2,1,2,116.6,8337.45
0,0,0,0,1,1,0,0,0,0,0,0,0,0,0,0,2,19.9,19.9
0,0,0,0,17,1,0,1,0,0,0,0,0,0,0,0,2,70.5,1165.6
1,1,1,0,70,1,1,1,1,1,1,1,1,1,2,0,3,90.05,6333.4
0,0,0,0,10,1,0,0,0,0,0,0,0,0,1,1,1,19.3,185.2
1,1,0,0,2,1,0,1,0,1,1,1,0,1,0,1,3,95.1,180.25
0,1,1,0,15,1,1,1,0,0,1,1,0,0,0,1,0,83.05,1258.3
1,0,0,0,65,1,1,1,0,1,1,1,1,1,0,1,0,109.15,6941.2
0,0,1,0,71,1,1,0,0,0,0,0,0,0,2,1,3,24.45,1681.6
1,0,1,1,24,1,0,1,1,1,0,1,0,1,0,1,3,70.3,1706.45
0,0,0,0,70,1,1,1,0,1,0,0,1,1,1,0,0,98.9,6838.6
0,0,0,0,13,0,0,1,0,0,0,0,0,0,0,1,0,23.9,300.8
0,1,0,0,14,1,1,1,0,1,0,0,0,0,0,1,0,78.95,1101.85
0,1,0,0,69,1,1,1,1,0,1,1,1,1,2,0,3,110.25,7467.55
0,0,1,0,64,1,0,1,1,0,1,0,1,1,2,1,2,99.0,6375.8
0,0,0,0,1,1,0,1,0,0,1,0,1,1,0,0,0,94.4,94.4
1,1,0,0,20,1,0,1,1,0,0,1,0,0,1,0,1,54.0,1055.9
0,0,0,0,61,1,1,1,1,1,1,1,1,1,1,1,1,115.1,6993.65
0,0,0,0,13,1,1,1,1,0,0,0,0,0,0,1,3,80.0,1029.35
1,0,0,0,20,1,0,1,0,0,0,0,1,0,0,0,0,78.8,1641.3
1,0,1,1,72,1,1,1,1,1,1,1,1,1,2,1,3,114.05,8289.2
0,1,1,0,70,1,1,1,0,1,0,1,1,1,1,1,2,105.55,7195.35
0,0,0,0,1,0,0,1,0,0,0,0,0,0,0,0,0,24.6,24.6
0,0,1,1,72,1,1,1,1,1,1,1,1,1,2,1,3,116.8,8456.75
0,0,0,0,36,1,0,1,0,0,1,1,0,1,0,1,0,87.55,3078.1
1,0,0,0,1,1,0,0,0,0,0,0,0,0,0,0,1,20.25,20.25
0,0,1,0,39,0,0,1,1,0,1,0,1,1,0,0,0,55.9,2184.35
1,0,0,0,57,1,0,0,0,0,0,0,0,0,2,0,3,20.55,1252.85
1,0,0,1,33,1,1,1,1,0,1,0,0,1,0,1,2,95.3,3275.15
1,0,0,1,2,1,0,0,0,0,0,0,0,0,0,0,1,19.25,48.35
1,0,0,0,64,1,0,1,1,1,0,0,1,1,1,1,3,100.3,6603.8
1,0,1,1,69,1,0,0,0,0,0,0,0,0,2,0,2,19.9,1356.7
1,0,0,0,5,1,0,0,0,0,0,0,0,0,0,0,1,20.35,92.75
0,0,1,0,49,1,1,1,1,0,0,0,1,1,0,1,1,100.85,4847.35
1,0,0,0,8,1,1,1,0,0,0,0,1,0,0,1,0,59.25,436.6
1,1,1,0,53,1,1,1,0,1,0,0,1,1,0,1,0,101.9,5549.4
1,1,1,1,64,1,1,0,0,0,0,0,0,0,2,1,2,24.4,1548.65
1,0,1,0,72,1,1,1,1,1,1,1,1,1,2,1,3,88.7,6301.7
0,0,1,1,71,1,0,0,0,0,0,0,0,0,2,0,2,20.5,1500.95
1,0,0,0,2,1,0,1,0,0,0,0,0,1,0,1,0,80.95,171.15
0,0,1,1,52,1,0,0,0,0,0,0,0,0,2,0,1,19.35,1031.7
1,0,1,0,1,0,0,1,0,1,0,0,0,0,0,0,0,30.2,30.2
1,0,1,1,1,1,0,0,0,0,0,0,0,0,0,0,2,19.95,19.95
1,0,1,0,17,1,0,1,0,0,0,0,0,0,0,1,2,70.4,1214.05
0,0,0,0,7,1,0,1,1,0,0,0,0,1,1,1,0,59.1,369.25
1,1,1,0,72,1,1,1,0,1,0,0,1,1,1,1,3,97.25,7133.1
1,0,0,0,2,1,0,1,0,1,0,0,0,0,0,0,0,74.95,151.75
0,0,0,0,30,1,0,0,0,0,0,0,0,0,2,0,3,19.4,578.5
0,0,1,1,12,1,1,0,0,0,0,0,0,0,2,0,3,25.25,274.7
1,0,0,0,1,0,0,1,0,0,0,0,0,1,0,1,0,35.45,35.45
1,0,0,0,12,1,0,1,0,0,0,1,1,0,1,1,0,59.8,727.8
0,0,1,1,56,1,1,1,1,1,1,1,1,0,2,0,3,81.25,4620.4
0,1,0,0,2,0,0,1,0,0,0,0,0,0,0,0,0,24.35,41.85
1,0,1,0,5,1,1,1,0,1,0,0,0,0,0,1,0,78.75,412.1
1,1,1,0,63,0,0,1,1,0,0,1,0,0,1,0,2,36.1,2298.9
0,1,0,0,34,0,0,1,0,1,1,0,1,1,0,1,0,56.25,1765.95
0,0,1,0,72,1,1,0,0,0,0,0,0,0,2,0,3,24.85,1871.85
0,0,0,0,40,1,0,0,0,0,0,0,0,0,2,0,1,20.15,804.85
0,1,0,0,30,1,1,1,0,1,0,0,1,1,0,1,0,99.7,2967.35
1,0,0,0,10,0,0,1,0,0,1,0,0,0,0,0,1,29.5,255.25
0,0,1,1,47,1,0,0,0,0,0,0,0,0,2,0,1,19.75,948.9
0,0,0,0,2,0,0,1,0,1,0,0,1,1,0,0,0,51.4,96.8
0,0,1,0,54,1,1,1,1,1,0,0,1,1,1,0,2,106.55,5763.3
0,0,1,1,72,1,1,0,0,0,0,0,0,0,2,0,2,23.75,1679.25
0,0,1,1,65,1,1,1,1,1,1,1,1,1,2,1,1,90.45,5957.9
1,0,0,0,7,1,1,1,0,0,0,0,0,0,0,0,0,73.6,520.0
1,0,0,0,50,1,0,1,1,1,1,1,0,0,1,1,3,90.1,4549.45
0,0,1,1,26,1,0,0,0,0,0,0,0,0,0,1,3,20.25,493.95
0,1,1,0,60,1,1,1,0,1,0,0,0,1,0,0,0,89.45,5294.6
1,0,0,0,30,1,0,1,0,1,0,0,1,1,1,1,2,97.0,3021.3
0,0,1,1,16,0,0,1,0,0,0,0,0,1,0,1,3,35.5,552.7
0,0,1,1,66,1,1,1,1,1,1,0,0,0,0,1,2,67.45,4508.65
1,0,1,0,70,0,0,1,1,0,1,1,1,1,2,0,2,59.5,4144.8
1,0,1,1,4,1,1,0,0,0,0,0,0,0,1,0,3,24.1,73.1
1,0,0,0,44,1,1,1,0,1,1,1,1,1,1,1,2,85.25,3704.15
0,1,0,0,65,1,1,1,0,1,1,0,1,0,0,1,2,95.45,6223.3
1,0,0,0,38,1,0,1,1,1,0,1,1,0,1,0,1,70.6,2708.2
0,0,0,0,15,1,0,1,1,0,1,1,1,1,0,0,0,105.1,1582.75
1,0,0,0,17,1,0,0,0,0,0,0,0,0,1,1,2,19.65,351.55
1,0,1,1,19,1,0,0,0,0,0,0,0,0,0,0,1,20.6,414.95
0,0,1,0,61,1,1,1,0,0,1,1,1,1,0,1,0,106.35,6751.35
0,0,0,0,22,0,0,1,0,1,0,0,1,1,0,1,0,50.35,1098.85
1,0,1,1,47,1,0,0,0,0,0,0,0,0,1,0,1,20.05,951.55
0,0,0,0,1,1,0,1,0,0,0,0,0,1,0,0,3,80.15,80.15
0,0,1,1,52,1,0,1,0,1,1,1,0,0,0,0,2,85.8,4433.3
0,0,0,0,23,1,1,1,1,0,0,0,0,0,0,0,0,54.4,1249.25
0,1,1,0,56,1,1,1,1,1,1,1,0,0,1,1,3,68.45,4014.0
1,0,1,1,62,1,0,1,1,1,1,1,1,1,2,0,1,108.15,6825.65
0,0,0,0,48,1,0,1,1,0,1,1,1,1,2,1,3,102.5,4904.25
0,1,1,1,24,1,0,1,0,0,1,0,1,1,2,1,0,96.55,2263.45
1,1,1,0,36,1,1,1,0,0,0,0,0,1,0,1,3,85.25,3132.75
1,0,0,1,11,1,1,1,0,0,1,0,0,0,0,1,1,78.0,851.8
0,0,0,1,70,1,1,1,1,1,0,1,0,0,2,0,0,66.0,4891.5
1,0,1,0,13,1,0,1,0,0,1,0,1,1,0,1,1,96.65,1162.85
1,1,1,1,60,1,1,1,1,1,0,0,0,1,0,1,0,93.25,5774.55
1,0,0,0,1,1,0,0,0,0,0,0,0,0,0,1,1,20.25,20.25
1,0,0,0,1,1,0,0,0,0,0,0,0,0,0,1,1,19.75,19.75
1,0,1,1,22,1,0,1,0,1,1,0,1,1,1,1,1,100.05,2090.25
0,0,1,1,6,1,1,1,0,0,0,0,0,0,0,1,3,48.95,273.25
0,0,0,0,9,1,1,1,0,0,0,0,0,0,0,1,0,74.75,706.6
0,0,0,1,1,1,0,1,0,0,0,0,1,0,0,1,0,79.35,79.35
1,0,1,1,72,1,1,1,1,1,1,1,1,1,2,0,2,114.55,8306.05
0,0,0,0,13,0,0,1,0,1,0,0,0,0,0,1,0,31.05,347.25
1,0,1,1,56,1,1,0,0,0,0,0,0,0,2,0,2,24.15,1402.25
1,0,1,0,4,1,0,1,0,0,1,1,0,0,0,1,1,80.6,319.15
0,0,0,0,6,1,0,1,0,0,0,0,0,0,0,0,3,70.55,433.95
1,1,0,0,26,1,0,0,0,0,0,0,0,0,1,0,3,19.3,504.2
0,1,1,0,57,1,1,1,0,1,1,0,0,1,0,0,3,94.0,5438.95
0,0,1,1,72,1,1,1,1,1,1,1,1,1,2,1,2,113.1,8248.5
1,0,0,0,18,1,0,1,0,1,1,0,1,1,0,0,3,101.3,1794.65
0,0,0,0,55,1,1,1,1,0,1,0,0,0,1,1,3,84.25,4589.85
0,1,0,0,1,1,0,1,0,0,0,0,0,0,0,1,1,70.6,70.6
1,0,1,0,29,1,0,1,1,0,0,0,1,1,0,0,3,94.65,2649.15
1,0,1,1,15,1,0,1,1,0,0,0,0,0,0,0,1,75.1,1151.55
0,0,0,0,1,0,0,1,0,0,0,0,0,0,0,0,2,25.25,25.25
0,0,0,0,36,1,1,1,0,1,1,0,1,1,1,1,2,104.8,3886.45
0,0,0,0,8,0,0,1,0,1,0,0,0,0,0,1,1,29.25,226.95
0,0,1,1,18,1,0,1,1,1,0,1,0,0,1,1,1,61.5,1087.45
1,0,0,0,11,1,1,1,0,0,1,0,0,0,0,0,0,53.75,608.0
1,0,1,1,22,1,0,1,1,1,0,1,0,0,0,1,1,57.95,1271.8
1,0,0,0,53,0,0,1,0,0,1,1,1,1,1,0,3,54.9,3045.75
1,0,0,0,2,0,0,1,0,0,0,0,0,0,0,1,0,25.05,56.35
0,1,1,0,39,1,0,1,1,1,0,0,1,1,1,0,1,99.1,3877.95
1,0,0,0,4,1,0,0,0,0,0,0,0,0,0,0,1,19.4,93.4
0,0,1,1,19,1,0,0,0,0,0,0,0,0,2,0,1,20.15,387.7
0,1,0,0,3,0,0,1,0,0,0,0,0,0,0,0,0,25.3,77.75
0,0,1,0,63,1,0,1,1,0,1,0,0,0,1,1,3,81.15,5224.5
0,0,0,0,1,1,0,1,0,0,1,0,0,0,0,0,0,75.55,75.55
0,0,0,0,4,1,0,1,0,0,0,0,0,0,0,1,3,70.05,266.9
0,0,0,0,12,1,1,1,1,0,1,1,0,0,0,1,1,61.65,713.75
1,0,1,1,54,1,0,0,0,0,0,0,0,0,2,0,3,20.4,1090.6
0,0,1,0,49,1,0,0,0,0,0,0,0,0,1,1,2,20.05,923.1
1,1,0,0,3,1,1,1,0,0,0,0,0,0,0,1,0,77.0,237.75
0,1,1,0,72,1,1,1,1,1,1,1,1,1,2,1,2,89.85,6697.35
0,0,1,0,69,1,1,1,0,1,1,0,0,0,0,1,2,85.4,5869.4
1,0,1,1,3,1,0,1,1,1,0,0,1,0,0,0,0,89.85,248.4
1,0,1,0,64,1,0,1,1,0,0,0,0,0,0,1,1,73.55,4764.0
1,0,1,1,55,1,1,1,0,0,1,0,1,0,0,1,3,90.4,5099.15
0,0,0,0,6,1,0,1,0,0,1,0,0,1,0,0,0,83.9,497.55
0,1,0,0,26,1,0,1,0,0,0,0,1,1,0,1,0,91.25,2351.8
0,1,0,0,46,1,1,1,1,1,1,0,1,1,1,1,0,110.0,4874.8
1,1,0,0,1,1,0,1,0,0,0,0,0,0,0,1,2,69.5,69.5
0,0,1,0,33,1,1,0,0,0,0,0,0,0,2,1,1,24.5,740.3
0,0,0,0,33,1,0,1,0,0,0,0,0,0,0,1,2,70.4,2406.1
1,0,0,0,72,1,1,1,1,1,1,1,1,1,2,0,2,92.0,6632.75
1,1,1,0,12,1,0,1,0,0,0,0,0,1,0,1,0,80.45,950.2
1,0,1,1,41,1,1,1,1,1,1,0,1,0,0,1,3,74.55,3023.55
1,1,1,1,72,1,0,1,1,0,1,1,1,1,2,1,3,104.1,7447.7
0,1,1,1,66,1,1,1,1,1,0,1,1,1,1,1,3,110.6,7210.85
1,1,1,1,34,1,1,1,0,1,1,1,1,1,0,1,0,108.9,3625.2
0,1,1,0,60,1,0,1,1,1,1,1,1,1,2,1,2,110.0,6668.35
0,0,1,0,72,1,1,1,1,1,1,1,1,1,2,0,2,88.05,6520.8
0,0,0,0,3,1,0,1,0,0,1,0,1,1,1,1,0,69.95,220.45
0,0,1,1,64,1,1,1,1,1,0,1,1,1,2,0,2,110.3,6997.3
1,0,0,1,3,1,0,0,0,0,0,0,0,0,0,0,1,19.95,58.3
0,1,1,0,72,1,1,1,1,1,1,0,1,1,2,1,3,84.1,6129.65
0,0,0,0,29,1,0,1,1,0,1,1,0,0,1,0,3,58.0,1734.5
1,0,1,0,71,1,0,1,1,0,0,1,0,0,2,0,2,54.5,3778.2
0,0,1,1,41,1,0,0,0,0,0,0,0,0,2,0,2,19.3,772.4
1,0,0,0,18,1,0,0,0,0,0,0,0,0,2,0,3,20.05,388.6
0,0,1,1,36,1,0,0,0,0,0,0,0,0,0,0,2,19.2,702.9
1,0,0,0,1,1,0,0,0,0,0,0,0,0,0,1,1,20.45,20.45
0,0,0,0,31,1,1,1,1,0,1,1,0,0,0,0,3,65.25,1994.3
0,0,0,0,2,1,1,1,0,0,1,0,1,0,0,1,0,91.4,193.6
1,0,0,0,1,1,0,0,0,0,0,0,0,0,0,0,1,19.2,19.2
0,0,1,0,63,1,1,1,1,1,1,0,1,0,0,1,0,100.55,6215.35
1,0,0,0,50,1,0,0,0,0,0,0,0,0,1,0,3,20.15,989.05
0,0,0,0,66,1,0,1,1,1,1,0,0,0,2,1,2,61.15,4017.45
0,0,1,1,46,1,0,0,0,0,0,0,0,0,2,0,2,20.25,890.35
0,0,0,0,5,1,1,1,0,0,0,0,0,0,0,1,1,50.6,249.95
1,0,1,1,69,1,1,1,0,1,1,0,1,1,2,1,0,105.0,7297.75
1,0,0,0,12,1,0,1,1,0,0,1,0,0,0,0,1,56.65,654.85
1,0,0,0,3,1,0,1,0,0,0,0,0,0,0,1,1,69.6,207.4
1,0,0,0,3,1,0,1,0,0,0,0,1,0,0,0,0,79.25,267.6
1,0,0,0,1,1,0,0,0,0,0,0,0,0,0,0,2,20.2,20.2
1,0,0,0,4,1,0,1,0,0,0,1,0,0,0,1,1,50.8,202.3
1,0,1,0,36,0,0,1,1,0,1,0,0,0,1,0,1,35.35,1317.95
1,0,0,0,25,1,0,1,1,0,1,1,1,1,0,1,0,105.5,2686.05
0,0,0,0,22,1,1,1,0,0,0,0,1,0,0,1,2,84.15,1821.95
0,0,0,0,53,0,0,1,1,1,1,1,1,0,1,1,0,53.6,2879.2
1,0,1,0,53,0,0,1,0,1,1,1,1,1,1,1,0,60.45,3184.25
1,0,0,0,37,0,0,1,0,0,0,0,1,0,2,0,3,35.8,1316.9
0,0,1,0,47,1,1,1,1,1,0,1,1,1,2,1,3,85.3,4107.25
1,0,0,0,1,1,0,1,0,0,0,0,0,0,0,1,0,44.75,44.75
1,0,0,0,11,1,0,1,1,0,0,0,0,0,0,1,0,73.5,791.75
1,0,0,0,53,1,0,0,0,0,0,0,0,0,2,0,2,19.75,1052.35
1,0,1,0,53,1,1,1,0,1,0,1,0,1,1,0,2,97.75,5043.2
0,0,0,0,38,1,1,1,1,1,1,0,1,1,1,0,2,84.1,3187.65
0,0,1,1,71,1,1,1,1,1,1,1,1,1,2,0,2,89.9,6342.7
0,1,1,0,37,1,0,1,0,0,1,1,1,0,0,0,0,90.0,3371.75
1,0,0,0,45,1,1,1,0,1,0,0,1,1,0,1,3,100.85,4740.0
1,0,0,0,14,1,0,0,0,0,0,0,0,0,1,0,2,20.4,275.7
1,0,0,0,5,1,0,1,0,1,0,0,0,0,0,1,0,74.65,383.65
1,0,0,0,2,1,0,1,0,0,0,0,0,0,0,1,3,46.0,84.5
0,0,1,1,17,1,0,1,1,0,0,1,0,0,0,1,3,55.35,920.5
0,1,0,0,13,1,0,1,0,0,1,0,1,1,0,1,0,96.85,1235.55
1,0,1,0,53,1,0,0,0,0,0,0,0,0,2,0,3,19.9,1110.05
1,0,0,0,7,1,0,1,0,0,0,0,0,0,0,1,2,44.65,322.5
0,0,0,0,1,1,0,0,0,0,0,0,0,0,0,0,1,20.9,20.9
0,0,0,0,20,1,0,1,1,0,1,0,1,0,0,1,2,89.4,1871.15
0,0,0,0,6,1,1,1,0,0,0,0,0,0,0,1,1,73.85,401.3
1,1,0,0,16,1,1,1,0,0,0,0,0,0,0,1,2,74.45,1261.35
1,0,0,0,3,1,0,1,0,0,1,0,0,1,0,0,3,85.7,256.75
1,0,1,0,67,1,1,0,0,0,0,0,0,0,2,0,3,25.6,1784.9
0,0,1,0,63,1,1,1,0,0,0,1,0,0,1,1,3,81.2,4965.1
0,0,0,0,4,1,0,1,0,0,0,0,0,0,0,0,0,70.4,281.0
0,0,1,1,42,1,0,1,0,0,1,0,1,1,0,1,0,92.15,3875.4
1,0,0,0,39,1,0,0,0,0,0,0,0,0,1,0,1,19.9,791.15
0,0,0,0,45,1,1,1,0,1,0,0,1,0,0,1,3,89.3,4016.85
1,1,0,0,2,1,0,1,0,1,0,0,0,0,0,1,0,74.7,165.4
0,0,1,0,62,1,0,1,0,1,1,0,1,1,0,1,0,100.15,6283.3
0,0,1,1,39,1,1,0,0,0,0,0,0,0,1,1,1,24.2,914.6
0,0,1,0,26,1,1,1,0,1,0,1,0,0,0,1,0,60.05,1616.15
0,0,1,0,42,1,0,0,0,0,0,0,0,0,0,0,3,20.35,869.9
0,0,0,0,1,1,0,1,0,0,0,0,0,0,0,0,1,45.95,45.95
0,0,0,0,4,1,0,1,0,0,0,0,1,0,0,0,3,55.5,227.35
1,1,1,0,16,1,0,1,0,0,0,0,0,0,0,1,2,71.8,1167.8
1,0,0,0,7,1,1,1,0,0,0,0,0,1,0,1,1,85.2,602.55
0,0,0,0,53,1,0,1,1,1,1,1,0,1,2,0,1,99.5,5424.25
1,1,0,0,14,1,1,1,0,0,0,0,1,1,0,1,0,95.6,1273.3
1,0,1,1,72,1,1,1,1,1,1,0,1,1,2,1,3,108.4,7767.25
1,0,1,0,70,1,1,1,0,1,0,0,1,1,2,0,2,98.3,6859.5
1,0,1,1,63,1,1,0,0,0,0,0,0,0,2,0,3,24.65,1574.5
0,0,1,1,28,1,1,1,0,0,1,1,1,1,0,1,0,104.8,3046.05
1,1,1,0,70,1,1,1,0,1,1,0,1,1,0,1,0,102.95,7101.5
0,0,0,0,56,1,0,0,0,0,0,0,0,0,2,0,2,19.7,1051.9
1,0,0,0,35,1,0,1,0,0,1,0,1,0,1,1,0,85.15,3030.6
1,0,0,0,62,1,0,0,0,0,0,0,0,0,2,1,3,20.05,1201.65
1,0,1,0,72,1,1,1,1,1,1,1,1,1,2,0,3,115.8,8332.15
1,0,0,0,17,1,0,0,0,0,0,0,0,0,1,1,1,20.5,365.8
1,0,1,1,10,0,0,1,1,1,1,1,0,1,2,0,3,53.7,521.0
0,0,1,0,58,0,0,1,1,1,0,0,1,0,1,1,0,45.35,2540.1
0,0,1,0,71,0,0,1,1,1,0,1,1,1,2,0,1,58.65,4145.25
0,0,0,0,67,1,1,0,0,0,0,0,0,0,2,1,2,25.6,1790.35
0,0,1,0,60,1,0,1,1,0,0,1,1,1,2,1,0,97.2,5611.75
0,0,0,0,2,1,0,1,0,0,0,0,1,1,0,1,0,90.4,168.2
1,0,1,0,23,1,0,1,1,0,0,0,0,1,0,1,2,59.95,1406.0
0,0,0,0,24,1,0,0,0,0,0,0,0,0,1,0,2,21.05,531.55
1,0,0,0,7,1,1,1,0,0,0,0,1,1,0,1,0,94.1,701.3
1,0,0,0,24,1,0,1,0,0,0,1,0,0,0,1,3,51.1,1269.6
0,0,1,0,52,1,1,1,0,1,1,0,1,1,0,1,0,105.05,5624.85
1,0,0,0,18,0,0,1,1,0,1,0,0,0,0,0,1,33.6,550.35
1,1,0,0,16,1,0,1,0,0,0,0,0,1,0,1,0,78.75,1218.25
0,0,1,0,1,0,0,1,0,1,0,0,0,0,0,1,0,29.85,29.85
0,0,1,1,3,0,0,1,0,0,0,1,0,0,0,1,1,31.0,95.05
1,0,0,1,61,1,0,0,0,0,0,0,0,0,2,0,1,19.75,1124.2
1,1,1,0,18,1,0,1,1,0,0,0,0,1,0,1,3,59.1,1011.05
1,0,0,0,22,1,1,0,0,0,0,0,0,0,2,0,1,25.25,566.5
1,0,1,0,41,1,0,0,0,0,0,0,0,0,2,1,0,19.75,899.45
1,1,0,0,56,1,1,1,0,0,1,0,1,1,0,1,0,101.05,5594.0
0,0,0,0,14,1,0,1,1,0,0,1,0,0,1,0,1,55.7,795.15
0,0,0,0,54,1,1,1,0,1,1,1,1,1,0,0,0,111.1,6014.85
1,0,1,0,9,1,1,1,0,0,1,0,0,0,0,1,2,79.35,661.25
1,0,1,1,30,1,1,1,1,0,0,0,0,0,0,1,2,54.45,1588.7
1,0,1,1,8,1,0,0,0,0,0,0,0,0,0,0,3,19.65,169.75
1,0,0,0,11,1,0,0,0,0,0,0,0,0,2,0,3,19.55,223.15
1,1,1,0,16,1,0,1,0,0,1,1,0,1,0,1,0,91.55,1540.05
1,0,0,1,2,1,0,0,0,0,0,0,0,0,0,0,1,20.4,42.9
0,0,1,1,8,1,0,1,0,0,0,1,1,1,0,1,0,68.55,564.35
1,0,0,0,33,1,1,1,0,1,0,0,0,0,0,1,2,54.65,1665.2
1,0,1,0,72,1,1,0,0,0,0,0,0,0,2,0,3,25.85,1872.2
0,0,1,0,27,1,1,1,0,0,1,0,0,1,0,0,2,90.15,2423.4
1,0,1,1,31,0,0,1,1,0,0,1,0,0,0,0,2,35.4,1077.5
1,0,1,1,48,1,1,0,0,0,0,0,0,0,2,0,2,26.3,1245.05
1,0,0,0,44,1,0,1,1,0,0,1,1,0,1,0,0,65.4,2774.55
1,1,0,0,55,0,0,1,0,0,1,0,1,1,1,1,2,50.05,2743.45
1,0,1,0,14,1,0,1,0,0,0,1,0,0,0,0,2,48.8,664.4
1,1,0,0,8,0,0,1,0,0,1,0,0,0,0,1,0,29.4,221.9
0,0,0,0,35,1,0,0,0,0,0,0,0,0,1,0,1,21.1,741.0
1,0,0,0,1,1,0,1,1,0,0,0,0,0,0,1,1,50.75,50.75
1,0,0,0,12,1,0,1,0,1,0,0,0,0,0,1,2,49.05,593.05
0,0,0,1,7,0,0,1,1,0,0,0,0,0,0,0,1,29.8,201.95
1,0,1,0,72,1,1,1,1,0,0,0,0,0,2,0,2,55.3,3983.6
0,1,1,0,42,1,0,1,1,0,0,0,0,0,0,1,3,74.15,3229.4
1,0,1,0,22,1,1,1,1,0,0,1,1,0,0,0,3,95.9,2234.95
1,1,1,0,29,1,1,1,0,0,0,1,0,0,0,1,0,79.3,2414.55
1,1,0,0,67,1,0,1,1,1,0,1,1,1,2,1,0,105.05,7171.7
1,1,1,0,40,1,0,1,1,1,1,1,1,0,1,1,3,98.15,4116.8
0,0,0,0,52,1,0,1,0,0,1,0,0,1,0,1,0,59.45,3043.7
1,0,0,1,6,1,0,0,0,0,0,0,0,0,0,0,1,19.55,128.6
0,1,0,0,4,1,1,1,0,0,0,0,1,1,0,1,0,95.45,396.1
1,0,0,0,15,1,0,0,0,0,0,0,0,0,0,0,1,19.75,311.6
1,0,1,1,68,1,0,1,1,1,0,1,1,1,2,0,2,82.85,5776.45
0,0,1,1,64,1,1,1,1,0,0,1,0,0,0,1,2,86.8,5327.25
0,0,0,0,38,1,0,0,0,0,0,0,0,0,2,0,1,20.05,741.5
1,0,0,0,1,1,0,1,0,0,0,0,0,0,0,0,0,45.3,45.3
1,0,0,0,41,1,1,1,0,1,0,0,1,0,0,1,0,89.2,3645.75
1,0,0,0,54,1,0,1,1,0,1,0,1,0,0,0,1,89.8,4667.0
0,0,0,0,2,1,0,0,0,0,0,0,0,0,0,0,1,20.1,39.8
1,0,0,0,1,0,0,1,0,0,0,0,0,0,0,1,0,24.25,24.25
1,0,0,0,5,1,0,1,0,0,0,0,1,0,0,1,0,80.6,415.55
1,0,1,0,1,1,0,1,0,0,0,0,0,0,0,1,0,70.0,70.0
0,0,0,0,1,1,0,0,0,0,0,0,0,0,0,0,1,20.35,20.35
0,0,0,1,14,1,1,1,1,0,0,1,0,0,0,1,1,86.0,1164.05
0,1,0,0,7,1,0,1,0,0,1,0,1,0,0,1,0,84.35,609.65
1,0,0,0,22,1,1,1,0,1,0,0,0,0,0,1,1,78.85,1600.25
0,0,1,1,57,1,1,1,0,1,0,0,1,1,0,1,0,100.6,5611.7
0,0,1,1,71,1,1,1,1,1,1,1,1,1,2,0,3,113.65,8166.8
0,0,1,0,71,1,1,0,0,0,0,0,0,0,2,0,1,23.85,1672.1
0,0,1,0,72,1,1,1,0,0,1,0,1,1,2,1,0,97.85,6841.3
1,0,1,0,56,1,1,0,0,0,0,0,0,0,2,1,3,25.15,1327.15
1,0,0,0,35,1,0,1,0,0,0,0,1,0,0,0,1,55.0,2010.55
0,0,0,0,2,1,0,0,0,0,0,0,0,0,0,0,1,19.3,44.4
1,0,0,0,4,1,1,1,0,0,0,1,0,0,0,0,3,80.8,332.45
1,0,1,1,21,1,1,1,1,0,0,0,1,1,1,1,2,75.9,1549.75
1,0,1,0,67,1,0,1,1,1,0,1,0,1,2,1,3,69.2,4671.65
0,0,1,0,8,1,0,0,0,0,0,0,0,0,1,0,0,19.8,160.05
1,0,0,0,25,1,1,1,1,1,1,1,0,1,0,0,2,81.75,2028.8
0,0,1,0,3,1,0,1,0,0,0,0,0,0,0,1,1,46.1,130.15
1,0,1,0,5,1,0,1,0,0,1,0,1,1,0,1,0,94.45,498.1
0,1,0,0,38,1,0,0,0,0,0,0,0,0,2,0,1,20.2,735.9
1,0,1,0,28,1,0,1,0,1,1,1,1,0,1,0,2,92.9,2768.35
0,0,1,1,20,1,1,1,0,0,1,1,0,1,0,1,2,95.5,1916.2
1,0,0,0,19,1,0,0,0,0,0,0,0,0,2,1,1,19.95,373.5
1,0,1,0,70,1,0,1,1,1,1,1,1,1,1,1,2,109.5,7534.65
0,0,1,1,28,1,1,1,0,0,0,0,0,0,0,0,1,49.9,1410.25
0,1,0,0,4,1,1,1,0,0,0,0,0,0,0,1,0,74.9,321.75
1,0,1,1,68,1,1,1,0,1,0,0,1,1,1,1,3,101.05,6770.5
1,0,0,0,5,1,0,1,0,0,1,0,1,1,0,0,2,96.5,492.55
